mean,median,std,count
25.73964922601861,26.0,14.406525022045798,1421029
24.984578267107896,25.0,14.461982364857299,689287
