Missing Count,Missing Percentage
28908,1.3698422416358498
822,0.03895151247490897
659,0.031227550755431887
30,0.0014215880465295245
29,0.0013742017783118735
0,0.0
0,0.0
0,0.0
0,0.0
0,0.0
0,0.0
0,0.0
0,0.0
0,0.0
0,0.0
0,0.0
0,0.0
0,0.0
0,0.0
0,0.0
0,0.0
0,0.0
0,0.0
0,0.0
0,0.0
